A,d,a,p,t,i,v,e, ,H,e,l,m
A,r,c,h,a,n,g,e,l,',s, ,S,t,a,f,f
B,l,o,o,d,t,h,i,r,s,t,e,r
B,l,u,e, ,B,u,f,f
B,r,a,m,b,l,e, ,V,e,s,t
C,r,o,w,n,g,u,a,r,d
D,e,a,t,h,b,l,a,d,e
D,r,a,g,o,n,',s, ,C,l,a,w
E,d,g,e, ,o,f, ,N,i,g,h,t
E,v,e,n,s,h,r,o,u,d
G,a,r,g,o,y,l,e, ,S,t,o,n,e,p,l,a,t,e
G,i,a,n,t, ,S,l,a,y,e,r
G,u,a,r,d,b,r,e,a,k,e,r
G,u,i,n,s,o,o,',s, ,R,a,g,e,b,l,a,d,e
H,a,n,d, ,O,f, ,J,u,s,t,i,c,e
H,e,x,t,e,c,h, ,G,u,n,b,l,a,d,e
I,n,f,i,n,i,t,y, ,E,d,g,e
I,o,n,i,c, ,S,p,a,r,k
J,e,w,e,l,e,d, ,G,a,u,n,t,l,e,t
L,a,s,t, ,W,h,i,s,p,e,r
M,o,r,e,l,l,o,n,o,m,i,c,o,n
N,a,s,h,o,r,',s, ,T,o,o,t,h
P,r,o,t,e,c,t,o,r,',s, ,V,o,w
Q,u,i,c,k,s,i,l,v,e,r
R,a,b,a,d,o,n,',s, ,D,e,a,t,h,c,a,p
R,e,d, ,B,u,f,f
R,e,d,e,m,p,t,i,o,n
R,u,n,a,a,n,',s, ,H,u,r,r,i,c,a,n,e
S,p,e,a,r, ,o,f, ,S,h,o,j,i,n
S,t,a,t,i,k,k, ,S,h,i,v
S,t,e,a,d,f,a,s,t, ,H,e,a,r,t
S,t,e,r,a,k,',s, ,G,a,g,e
S,u,n,f,i,r,e, ,C,a,p,e
T,a,c,t,i,c,i,a,n,',s, ,C,a,p,e
T,a,c,t,i,c,i,a,n,',s, ,C,r,o,w,n
T,a,c,t,i,c,i,a,n,',s, ,S,h,i,e,l,d
T,h,i,e,f,',s, ,G,l,o,v,e,s
T,i,t,a,n,',s, ,R,e,s,o,l,v,e
W,a,r,m,o,g,',s, ,A,r,m,o,r
A,n,i,m,a, ,S,q,u,a,d, ,E,m,b,l,e,m
B,a,s,t,i,o,n, ,E,m,b,l,e,m
B,o,o,m,B,o,t, ,E,m,b,l,e,m
B,r,u,i,s,e,r, ,E,m,b,l,e,m
D,i,v,i,n,i,c,o,r,p, ,E,m,b,l,e,m
D,y,n,a,m,o, ,E,m,b,l,e,m
E,x,e,c,u,t,i,o,n,e,r, ,E,m,b,l,e,m
E,x,o,t,e,c,h, ,E,m,b,l,e,m
G,o,l,d,e,n, ,O,x, ,E,m,b,l,e,m
M,a,r,k,s,m,a,n, ,E,m,b,l,e,m
R,a,p,i,d,f,i,r,e, ,E,m,b,l,e,m
S,l,a,y,e,r, ,E,m,b,l,e,m
S,t,r,a,t,e,g,i,s,t, ,E,m,b,l,e,m
S,t,r,e,e,t, ,D,e,m,o,n, ,E,m,b,l,e,m
S,y,n,d,i,c,a,t,e, ,E,m,b,l,e,m
T,e,c,h,i,e, ,E,m,b,l,e,m
V,a,n,g,u,a,r,d, ,E,m,b,l,e,m
A,b,s,o,l,u,t,i,o,n
B,l,e,s,s,e,d, ,B,l,o,o,d,t,h,i,r,s,t,e,r
B,l,u,e, ,B,l,e,s,s,i,n,g
B,r,i,n,k, ,o,f, ,D,a,w,n
B,u,l,w,a,r,k,',s, ,O,a,t,h
C,o,v,a,l,e,n,t, ,S,p,a,r,k
C,r,e,s,t, ,o,f, ,C,i,n,d,e,r,s
D,e,m,o,n,s,l,a,y,e,r
D,r,a,g,o,n,',s, ,W,i,l,l
D,v,a,r,a,p,a,l,a, ,S,t,o,n,e,p,l,a,t,e
E,q,u,i,n,o,x
E,t,e,r,n,a,l, ,W,h,i,s,p,e,r
F,i,s,t, ,o,f, ,F,a,i,r,n,e,s,s
G,l,a,m,o,r,o,u,s, ,G,a,u,n,t,l,e,t
G,u,i,n,s,o,o,',s, ,R,e,c,k,o,n,i,n,g
H,e,x,t,e,c,h, ,L,i,f,e,b,l,a,d,e
J,a,k,',s,h,o, ,t,h,e, ,P,r,o,t,e,a,n
L,e,g,a,c,y, ,o,f, ,t,h,e, ,C,o,l,o,s,s,u,s
L,u,m,i,n,o,u,s, ,D,e,a,t,h,b,l,a,d,e
M,o,r,e, ,M,o,r,e,-,e,l,l,o,n,o,m,i,c,o,n
Q,u,i,c,k,e,s,t,s,i,l,v,e,r
R,a,b,a,d,o,n,',s, ,A,s,c,e,n,d,e,d, ,D,e,a,t,h,c,a,p
R,a,s,c,a,l,',s, ,G,l,o,v,e,s
R,o,s,e,t,h,o,r,n, ,V,e,s,t
R,o,y,a,l, ,C,r,o,w,n,s,h,i,e,l,d
R,u,n,a,a,n,',s, ,T,e,m,p,e,s,t
S,p,e,a,r, ,o,f, ,H,i,r,a,n,a
S,t,a,t,i,k,k,',s, ,F,a,v,o,r
S,t,e,r,a,k,',s, ,M,e,g,a,s,h,i,e,l,d
S,u,n,l,i,g,h,t, ,C,a,p,e
T,h,e, ,B,a,r,o,n,',s, ,G,i,f,t
T,i,t,a,n,',s, ,V,o,w
U,r,f,-,A,n,g,e,l,',s, ,S,t,a,f,f
W,a,r,m,o,g,',s, ,P,r,i,d,e
W,i,l,l,b,r,e,a,k,e,r
Z,e,n,i,t,h, ,E,d,g,e
A,n,i,m,a, ,V,i,s,a,g,e
B,l,a,c,k,s,m,i,t,h,',s, ,G,l,o,v,e,s
B,l,i,g,h,t,i,n,g, ,J,e,w,e,l
D,e,a,t,h,',s, ,D,e,f,i,a,n,c,e
D,e,a,t,h,f,i,r,e, ,G,r,a,s,p
F,i,s,h,b,o,n,e,s
G,a,m,b,l,e,r,',s, ,B,l,a,d,e
G,o,l,d, ,C,o,l,l,e,c,t,o,r
H,o,r,i,z,o,n, ,F,o,c,u,s
H,u,l,l,c,r,u,s,h,e,r
I,n,f,i,n,i,t,y, ,F,o,r,c,e
I,n,n,e,r,v,a,t,i,n,g, ,L,o,c,k,e,t
L,i,c,h, ,B,a,n,e
L,i,g,h,t,s,h,i,e,l,d, ,C,r,e,s,t
L,u,d,e,n,',s, ,T,e,m,p,e,s,t
M,a,n,a,z,a,n,e
M,i,t,t,e,n,s
M,o,g,u,l,',s, ,M,a,i,l
P,r,o,w,l,e,r,',s, ,C,l,a,w
R,a,p,i,d, ,F,i,r,e,c,a,n,n,o,n
S,e,e,k,e,r,',s, ,A,r,m,g,u,a,r,d
S,i,l,v,e,r,m,e,r,e, ,D,a,w,n
S,n,i,p,e,r,',s, ,F,o,c,u,s
S,p,e,c,t,r,a,l, ,C,u,t,l,a,s,s
S,u,s,p,i,c,i,o,u,s, ,T,r,e,n,c,h, ,C,o,a,t
T,a,l,i,s,m,a,n, ,O,f, ,A,s,c,e,n,s,i,o,n
T,r,i,c,k,s,t,e,r,',s, ,G,l,a,s,s
U,n,e,n,d,i,n,g, ,D,e,s,p,a,i,r
W,i,t,',s, ,E,n,d
Z,h,o,n,y,a,',s, ,P,a,r,a,d,o,x
A,c,c,o,m,p,l,i,c,e,',s, ,G,l,o,v,e,s
A,e,g,i,s, ,o,f, ,t,h,e, ,L,e,g,i,o,n
B,a,n,s,h,e,e,',s, ,V,e,i,l
C,h,a,l,i,c,e, ,o,f, ,P,o,w,e,r
K,n,i,g,h,t,',s, ,V,o,w
L,o,c,k,e,t, ,o,f, ,t,h,e, ,I,r,o,n, ,S,o,l,a,r,i
M,o,o,n,s,t,o,n,e, ,R,e,n,e,w,e,r
N,e,e,d,l,e,s,s,l,y, ,B,i,g, ,G,e,m
O,b,s,i,d,i,a,n, ,C,l,e,a,v,e,r
R,a,n,d,u,i,n,',s, ,O,m,e,n
S,h,r,o,u,d, ,o,f, ,S,t,i,l,l,n,e,s,s
S,p,i,t,e
T,h,e, ,E,t,e,r,n,a,l, ,F,l,a,m,e
U,n,s,t,a,b,l,e, ,T,r,e,a,s,u,r,e, ,C,h,e,s,t
V,i,r,t,u,e, ,o,f, ,t,h,e, ,M,a,r,t,y,r
Z,e,k,e,',s, ,H,e,r,a,l,d
Z,e,p,h,y,r
Z,z,',R,o,t, ,P,o,r,t,a,l
