A,l,i,s,t,a,r
D,r,., ,M,u,n,d,o
J,a,x
K,i,n,d,r,e,d
K,o,g,',M,a,w
M,o,r,g,a,n,a
N,i,d,a,l,e,e
P,o,p,p,y
S,e,r,a,p,h,i,n,e
S,h,a,c,o
S,y,l,a,s
V,i
Z,y,r,a
D,a,r,i,u,s
E,k,k,o
G,r,a,v,e,s
I,l,l,a,o,i
J,h,i,n
L,e,B,l,a,n,c
N,a,a,f,i,r,i
R,h,a,a,s,t
S,h,y,v,a,n,a
S,k,a,r,n,e,r
T,w,i,s,t,e,d, ,F,a,t,e
V,a,y,n,e
V,e,i,g,a,r
B,r,a,u,m
D,r,a,v,e,n
E,l,i,s,e
F,i,d,d,l,e,s,t,i,c,k,s
G,a,l,i,o
G,r,a,g,a,s
J,a,r,v,a,n, ,I,V
J,i,n,x
M,o,r,d,e,k,a,i,s,e,r
R,e,n,g,a,r
S,e,n,n,a
V,a,r,u,s
Y,u,u,m,i
A,n,n,i,e
A,p,h,e,l,i,o,s
B,r,a,n,d
C,h,o,',G,a,t,h
L,e,o,n,a
M,i,s,s, ,F,o,r,t,u,n,e
N,e,e,k,o
S,e,j,u,a,n,i
V,e,x
X,a,y,a,h
Z,e,d
Z,e,r,i
Z,i,g,g,s
A,u,r,o,r,a
G,a,r,e,n
K,o,b,u,k,o
R,e,n,e,k,t,o,n
S,a,m,i,r,a
U,r,g,o,t
V,i,e,g,o
Z,a,c
